result_no	round_no	link_no	skill_concatenate	
1	1	1	,水の信仰,力の信仰,吸収,ピュア,拒絶,ビッグシールド,歪曲,収束砲,ブレイク,解体,シールド,(非公開),
1	1	2	,力の信仰,医術,吸収,光槍,再生,シールド,トリガーハッピー,回避,炎上,バーニングスラッシュ,カウンター,(非公開),
1	1	3	,劇毒,吸収,地の信仰,ブラックブレード,連撃,無影掌,解消,反撃,毒雨,開拓,身代わり,(非公開),
1	1	4	,医術,劇毒,回生,回避,再生,毒雨,火炎洗礼,シールド,複製,歪曲,カースドハンド,(非公開),
1	1	5	,水の信仰,医術,吸収,フリーズ,跳撃,毒雨,ダイナミックヒール,ピュア,五月雨,身代わり,浄化,(非公開),
1	1	6	,力の信仰,深化,吸収,ソニックスラッシュ,五月雨,光輝刃,シールドバッシュ,回避,浄化,歪曲,ホーリーレイ,(非公開),
1	1	7	,風の信仰,吸収,回生,風撃,ソニックスラッシュ,拒絶,グラビティ,ロックオン,浄化,高揚,流転防壁,(非公開),
1	1	8	,力の信仰,深化,回生,光輝刃,連撃,悪食,五月雨,解体,歪曲,浄化,連鎖,(非公開),
1	1	9	,火の信仰,劇毒,吸収,火術,炎上,バーニングスラッシュ,再生,毒化,毒雨,流星,鉄壁,(非公開),
